trades,net,net_pct,pf,dd_pct,win_pct,recovery,passed,objective,FastEMA,SlowEMA,TrendSMA,ATRMultiplier,TPRatio
3960,-927865.4800000001,-92.78654800000001,0.9273833052357549,94.64420181968286,33.131313131313135,-0.7585607881555865,False,-927865.4800000001,9,55,200,2.0,2.0
3595,-939579.4399999998,-93.95794399999998,0.8857412998055009,94.78390838556109,32.60083449235049,-0.9058564428111348,False,-939579.4399999998,13,55,200,2.0,2.0
4193,-960523.72,-96.05237199999999,0.8839780305789302,96.36304652781573,39.11280705938469,-0.9430265507600295,False,-960523.72,9,55,200,2.0,1.5
4036,-961689.4700000002,-96.16894700000002,0.8304475682427713,96.35740053463503,48.31516352824578,-0.9785530707793544,False,-961689.4700000002,13,55,200,2.0,1.0
3818,-962866.5700000001,-96.286657,0.843976751232956,96.89404881507492,38.55421686746988,-0.9066648460548457,False,-962866.5700000001,13,55,200,2.0,1.5
4762,-964825.8300000001,-96.482583,0.8972719444665639,97.21638603023214,32.99034019319614,-0.8115492325046746,False,-964825.8300000001,9,55,100,2.0,2.0
4901,-967947.0600000003,-96.79470600000003,0.9170981984264821,97.8482694957871,32.993266680269336,-0.678796569236219,False,-967947.0600000003,9,34,100,2.0,2.0
4249,-968830.6100000001,-96.88306100000001,0.8972419325907355,97.43995575889099,32.64297481760414,-0.8435401998940787,False,-968830.6100000001,13,34,200,2.0,2.0
4503,-973735.11,-97.37351100000001,0.8649608399654893,97.50955432409363,48.478791916500114,-0.9655972590759316,False,-973735.11,9,55,200,2.0,1.0
4869,-977073.7100000001,-97.70737100000001,0.867639141059411,97.75250000000001,48.552064078866294,-0.9995383340579524,False,-977073.7100000001,13,34,200,2.0,1.0
3930,-982228.3600000001,-98.22283600000002,0.8350004628404079,98.46355574879358,32.03562340966921,-0.9528406486187678,False,-982228.3600000001,13,55,200,1.5,2.0
5379,-983432.8999999999,-98.34329,0.8970756352455834,98.74723047520811,39.17084960029745,-0.7943711454569063,False,-983432.8999999999,9,34,100,2.0,1.5
5213,-983599.0200000001,-98.359902,0.8776476898065215,98.63864421927984,39.056205639746786,-0.8466549302639576,False,-983599.0200000001,9,55,100,2.0,1.5
4674,-984369.4100000001,-98.436941,0.8655909893134893,98.69440547708811,32.32777064612751,-0.8511876750143667,False,-984369.4100000001,9,34,200,2.0,2.0
4553,-985633.08,-98.56330799999999,0.8661491834968857,98.80589383730415,38.480122995826925,-0.8541578864794299,False,-985633.08,13,34,200,2.0,1.5
4750,-986400.1900000001,-98.640019,0.883870303064144,98.96299733480788,32.294736842105266,-0.7767979857688823,False,-986400.1900000001,13,34,100,2.0,2.0
4943,-986934.56,-98.693456,0.8797030531251598,98.85725953072706,39.045114303054824,-0.9160545293342224,False,-986934.56,13,34,200,1.5,1.5
4033,-987059.47,-98.705947,0.818909321368913,98.79256787680376,38.135383089511535,-0.9744031424631717,False,-987059.47,13,55,200,1.5,1.5
4438,-987694.3100000002,-98.76943100000003,0.8608108147776126,98.80482831846163,32.1991888237945,-0.99313096712811,False,-987694.3100000002,9,55,200,1.5,2.0
3311,-987851.68,-98.785168,0.7277663143512861,98.80215085364841,46.602234974328,-0.985850925122993,False,-987851.68,13,55,200,1.0,1.0
3244,-988386.76,-98.838676,0.736627786893191,98.86793492080133,31.1960542540074,-0.9878712986350844,False,-988386.76,13,55,200,1.0,2.0
5089,-988439.74,-98.843974,0.8949059333589398,99.14377488019507,32.44252308901552,-0.7545493185370673,False,-988439.74,13,21,100,2.0,2.0
4943,-988659.6599999998,-98.86596599999999,0.8862745752717247,99.03175726065831,32.32854541776249,-0.9629893867362839,False,-988659.6599999998,5,55,100,2.0,2.0
4671,-988800.6499999999,-98.880065,0.808404236088098,98.988612,47.95546992078784,-0.9989034395188812,False,-988800.6499999999,9,55,200,1.5,1.0
5703,-989064.72,-98.90647200000001,0.854219541481096,98.94890810138577,48.60599684376644,-0.9743034671201558,False,-989064.72,9,55,100,2.0,1.0
3261,-989708.19,-98.970819,0.725076957397948,98.99447066414824,37.16651333946642,-0.9928330127677217,False,-989708.19,13,55,200,1.0,1.5
3719,-990726.47,-99.072647,0.7590342755549204,99.1161809999997,37.75208389351976,-0.9995607780731613,False,-990726.47,9,55,200,1.0,1.5
6001,-990854.8700000001,-99.08548700000001,0.8656024838302211,99.1776009481609,48.57523746042327,-0.9612140843009475,False,-990854.8700000001,9,34,100,2.0,1.0
4749,-991082.1999999998,-99.10821999999997,0.8745214674500253,99.23861204153641,32.38576542429985,-0.8816639559898469,False,-991082.1999999998,13,34,200,1.5,2.0
4594,-991140.64,-99.114064,0.8627824389340679,99.15470984892718,38.376142794949935,-0.9975392156432555,False,-991140.64,9,55,200,1.5,1.5
4112,-991288.43,-99.128843,0.7591429321564902,99.14804500000001,47.00875486381323,-0.9998063300189126,False,-991288.43,13,55,200,1.5,1.0
4859,-991291.6699999999,-99.129167,0.865427836021616,99.24397797174237,38.320642107429514,-0.9826264182358427,False,-991291.6699999999,5,55,200,2.0,1.5
5483,-991568.1099999999,-99.15681099999999,0.8773143412366168,99.33689011863957,38.75615538938537,-0.9315586045070077,False,-991568.1099999999,5,55,100,2.0,1.5
5417,-991730.3200000001,-99.173032,0.8334289378665063,99.22659256080235,47.97858593317335,-0.9743833058000136,False,-991730.3200000001,13,55,100,2.0,1.0
5605,-991798.24,-99.179824,0.8866175289318671,99.3900663145449,38.87600356824264,-0.7710399013701561,False,-991798.24,13,21,100,2.0,1.5
4980,-992027.2699999999,-99.202727,0.8346995534017972,99.25006700000004,48.032128514056225,-0.9995230229920142,False,-992027.2699999999,13,34,200,1.5,1.0
4991,-992213.11,-99.221311,0.8515050397680999,99.27866552303719,38.288920056100984,-0.9675462630345558,False,-992213.11,9,34,200,2.0,1.5
5027,-992479.0299999999,-99.247903,0.8497823457609991,99.39082070627369,38.153968569723496,-0.9017298241888568,False,-992479.0299999999,13,55,100,2.0,1.5
5412,-992625.84,-99.262584,0.8368732706147054,99.29543799999938,47.949002217294904,-0.9996691288073135,False,-992625.84,9,34,200,2.0,1.0
4642,-993614.39,-99.36143899999999,0.8552790814957336,99.46384309439637,31.60275743214132,-0.8854319985196656,False,-993614.39,13,55,100,2.0,2.0
3707,-993639.77,-99.363977,0.7620017149274544,99.38334645846366,31.238198003776642,-0.9979901387535453,False,-993639.77,9,55,200,1.0,2.0
5182,-993805.3199999998,-99.38053199999999,0.8650437780336083,99.51959185379974,38.286375916634505,-0.7837467410962864,False,-993805.3199999998,13,34,100,2.0,1.5
4481,-993979.0000000001,-99.39790000000002,0.8335476695183335,99.44015920012438,31.577772818567283,-0.9542421158279508,False,-993979.0000000001,5,55,200,2.0,2.0
3713,-994431.96,-99.443196,0.7267599457824966,99.45518200000014,46.29679504443846,-0.99987948340389,False,-994431.96,9,55,200,1.0,1.0
5247,-994635.07,-99.46350699999999,0.8299983281251546,99.49319199999998,47.53192300362112,-0.9997016378768914,False,-994635.07,5,55,200,2.0,1.0
5596,-994641.23,-99.46412299999999,0.8366296721358969,99.47495793184731,47.784131522516084,-0.983753323664611,False,-994641.23,13,34,100,2.0,1.0
4361,-995085.2,-99.50852,0.731338391550784,99.55841678859034,31.621187800963078,-0.9811334431924646,False,-995085.2,13,55,100,1.0,2.0
6155,-995219.41,-99.521941,0.8613406807852539,99.60229491421008,48.220958570268074,-0.9341930526547851,False,-995219.41,5,55,100,2.0,1.0
6220,-995262.95,-99.526295,0.861425863764863,99.55368996677241,48.247588424437296,-0.9709663995266626,False,-995262.95,13,21,100,2.0,1.0
3871,-995451.8699999998,-99.54518699999998,0.7811476034414863,99.57531923013845,31.154740377163527,-0.9724144479347039,False,-995451.8699999998,13,34,200,1.0,2.0
4973,-995585.8400000001,-99.55858400000001,0.8612644298071258,99.60555447001185,31.811783631610695,-0.9047796071481221,False,-995585.8400000001,13,21,200,2.0,2.0
5729,-995799.2000000001,-99.57992000000002,0.8822178307555522,99.65283395515657,32.37912375632745,-0.8515351905708712,False,-995799.2000000001,9,55,100,1.5,2.0
4535,-995803.22,-99.580322,0.7653561862253585,99.59440422328304,47.27673649393605,-0.9912165931948064,False,-995803.22,13,55,100,1.0,1.0
5363,-995879.2400000001,-99.587924,0.8610634329145304,99.63832469205157,31.922431474920753,-0.8842876243857831,False,-995879.2400000001,5,34,100,2.0,2.0
3930,-996083.3500000001,-99.60833500000001,0.7763185126896465,99.61116523161404,37.20101781170484,-0.9962073678552247,False,-996083.3500000001,13,34,200,1.0,1.5
5798,-996151.68,-99.61516800000001,0.851813688943226,99.61674599999984,47.775094860296655,-0.9999841592898464,False,-996151.68,13,21,200,2.0,1.0
5999,-996226.84,-99.62268399999999,0.8766407722126167,99.67321167827446,38.78979829971662,-0.930875098157632,False,-996226.84,9,55,100,1.5,1.5
5347,-996244.9599999997,-99.62449599999998,0.8553691503893048,99.64898924630428,38.13353282214326,-0.9425497749927159,False,-996244.9599999997,13,21,200,2.0,1.5
5400,-996487.5900000002,-99.64875900000003,0.8760611861393188,99.67610673320698,31.87037037037037,-0.9319184985273311,False,-996487.5900000002,9,21,100,2.0,2.0
5323,-996581.5699999998,-99.65815699999997,0.8302182380985639,99.72924208147607,31.918091301897427,-0.9581114595153127,False,-996581.5699999998,13,55,100,1.5,2.0
4467,-996717.58,-99.671758,0.7521042568778171,99.69547267936488,37.69867920304455,-0.9862324301937482,False,-996717.58,13,55,100,1.0,1.5
5779,-996725.2299999999,-99.67252299999998,0.8616679119685978,99.69818887167897,38.58799100190345,-0.975684735041542,False,-996725.2299999999,13,34,100,1.5,1.5
3883,-996816.73,-99.68167299999999,0.7260361435702842,99.68167300000007,45.94385784187484,-0.9999999999999992,False,-996816.73,13,34,200,1.0,1.0
6049,-996957.3200000001,-99.695732,0.9018745795054686,99.74295638026317,32.25326500247975,-0.8443934940837731,False,-996957.3200000001,5,21,100,2.0,2.0
4928,-997035.42,-99.703542,0.7710032660710446,99.71900732048279,38.10876623376623,-0.986897876713677,False,-997035.42,9,55,100,1.0,1.5
6178,-997218.74,-99.721874,0.8304735608792012,99.73727284353615,48.13855616704435,-0.980071458761088,False,-997218.74,9,55,100,1.5,1.0
5505,-997220.3500000002,-99.72203500000002,0.8304701256317047,99.75942547680336,38.1653042688465,-0.9688394293434567,False,-997220.3500000002,13,55,100,1.5,1.5
5517,-997263.2899999999,-99.72632899999999,0.8256268891199501,99.75350191431517,38.3179264092804,-0.9971753191933419,False,-997263.2899999999,9,34,200,1.5,1.5
5991,-997336.22,-99.733622,0.8715473106987324,99.75210392037226,38.32415289601068,-0.9379842709897931,False,-997336.22,9,21,100,2.0,1.5
4950,-997343.5399999998,-99.73435399999998,0.7918869997035715,99.74413441385165,31.838383838383837,-0.9822037241100822,False,-997343.5399999998,9,55,100,1.0,2.0
6718,-997381.8700000001,-99.73818700000001,0.8641785910176708,99.74509279219859,48.12444179815421,-0.9810425089098556,False,-997381.8700000001,9,21,100,2.0,1.0
5543,-997470.0000000001,-99.74700000000001,0.8684384083158522,99.78371207590659,32.076492873895,-0.8727263297011076,False,-997470.0000000001,13,34,100,1.5,2.0
5650,-997592.88,-99.759288,0.7995289874220682,99.77250466983833,47.61061946902655,-0.9922319006523738,False,-997592.88,9,34,200,1.5,1.0
5911,-997837.67,-99.783767,0.8191697267640109,99.7981451379723,47.741498900355275,-0.9869086534408796,False,-997837.67,13,34,100,1.5,1.0
5674,-997896.71,-99.78967099999998,0.7878252958144311,99.80739501701738,47.3916108565386,-0.9796649493594298,False,-997896.71,13,55,100,1.5,1.0
5343,-998134.2199999999,-99.81342199999999,0.8185709086130176,99.82784242404655,31.705034624742655,-0.985693876158395,False,-998134.2199999999,9,34,200,1.5,2.0
5978,-998187.8600000001,-99.81878600000002,0.8724263048717535,99.85376132196203,38.00602208096353,-0.8468400405670299,False,-998187.8600000001,5,34,100,2.0,1.5
6267,-998321.3900000001,-99.83213900000001,0.8702131543683492,99.8502015016954,38.47135790649433,-0.9676780360761635,False,-998321.3900000001,9,34,100,1.5,1.5
5346,-998380.5399999999,-99.83805399999999,0.8174488429814165,99.84840271085135,31.350542461653575,-0.9434870750477236,False,-998380.5399999999,5,34,200,2.0,2.0
5385,-998409.96,-99.84099599999999,0.8545622601281769,99.85172314902657,31.402042711234913,-0.9530113033611058,False,-998409.96,9,21,200,2.0,2.0
6420,-998464.93,-99.84649300000001,0.8408055089229877,99.8476350000004,47.47663551401869,-0.999988562573361,False,-998464.93,9,21,200,2.0,1.0
4568,-998542.1000000001,-99.85421000000001,0.753439991806997,99.85549100000026,37.08406304728547,-0.999987171461605,False,-998542.1000000001,13,21,200,1.0,1.5
4566,-998555.3399999999,-99.85553399999999,0.7800940251301272,99.85553399999979,31.099430573806398,-1.000000000000002,False,-998555.3399999999,5,55,200,1.0,2.0
5343,-998573.63,-99.85736299999999,0.814892517836956,99.86531661739406,31.55530600786075,-0.9927511938854243,False,-998573.63,5,55,200,1.5,2.0
5572,-998616.9599999998,-99.861696,0.8233519489492054,99.86725201609691,37.86791098348887,-0.9973297364290843,False,-998616.9599999998,5,55,200,1.5,1.5
4689,-998628.33,-99.862833,0.7561045350659914,99.8646091946829,37.23608445297505,-0.9870333043125823,False,-998628.33,13,34,100,1.0,1.5
4669,-998635.9199999999,-99.86359199999998,0.76652060670391,99.86976757960585,31.09873634611266,-0.9715698683143089,False,-998635.9199999999,13,34,100,1.0,2.0
5896,-998674.96,-99.867496,0.8450655482324865,99.86849500000044,37.78833107191316,-0.9999899968453471,False,-998674.96,9,21,200,2.0,1.5
4679,-998685.1599999999,-99.868516,0.7297055853843136,99.87150198144111,46.291942722804016,-0.9917199340495964,False,-998685.1599999999,13,34,100,1.0,1.0
5730,-998704.3200000001,-99.87043200000001,0.7850515540866836,99.87404036364492,47.12041884816754,-0.9922645528201324,False,-998704.3200000001,5,55,200,1.5,1.0
6911,-998753.7799999999,-99.875378,0.9102545996071135,99.90245480114346,38.40254666473737,-0.7825164172302359,False,-998753.7799999999,5,21,100,2.0,1.5
4947,-998762.73,-99.876273,0.7496678457355099,99.88209583882194,46.59389529007479,-0.9916918678133014,False,-998762.73,9,55,100,1.0,1.0
6486,-998765.41,-99.876541,0.8266855430716952,99.88946134663111,47.74899784150478,-0.9865339282822274,False,-998765.41,9,34,100,1.5,1.0
4654,-998789.8500000001,-99.87898500000001,0.7759322845048013,99.87921999999982,37.150837988826815,-0.9999976471582396,False,-998789.8500000001,5,55,200,1.0,1.5
4569,-998846.1900000002,-99.88461900000001,0.7639767400618035,99.88673499999977,30.772597942657036,-0.9999788160059515,False,-998846.1900000002,13,21,200,1.0,2.0
6116,-998892.9500000002,-99.88929500000002,0.860964058775975,99.89960946557211,31.68737737083061,-0.9201845249682666,False,-998892.9500000002,5,21,200,2.0,2.0
5961,-998894.55,-99.889455,0.873953863887023,99.90792687796744,31.823519543700723,-0.8968133692197129,False,-998894.55,9,34,100,1.5,2.0
4631,-998992.7200000001,-99.89927200000001,0.7398265447654949,99.89931400000015,45.951198445260204,-0.9999995795766912,False,-998992.7200000001,5,55,200,1.0,1.0
4410,-999005.4999999999,-99.90054999999998,0.7568371124946282,99.90753700000018,36.507936507936506,-0.99993006533631,False,-999005.4999999999,9,34,200,1.0,1.5
6686,-999024.35,-99.902435,0.821237400697694,99.906955759256,47.307807358659886,-0.9606412931105177,False,-999024.35,5,34,100,2.0,1.0
5229,-999095.78,-99.909578,0.7629452737479967,99.91002425808631,37.34939759036144,-0.9950602732593797,False,-999095.78,13,21,100,1.0,1.5
5851,-999128.9700000002,-99.91289700000003,0.8236797840585932,99.91657496626169,37.34404375320458,-0.9640479681924943,False,-999128.9700000002,5,34,200,2.0,1.5
5231,-999140.24,-99.914024,0.7807941341705614,99.91721307880603,31.16038998279488,-0.9715324359357993,False,-999140.24,13,21,100,1.0,2.0
6430,-999192.97,-99.919297,0.8565619815807666,99.9231415678828,38.11819595645412,-0.9638258712072417,False,-999192.97,13,21,100,1.5,1.5
7833,-999316.9900000001,-99.93169900000001,0.8753375580853419,99.93311492755427,47.9254436358994,-0.9792554247775238,False,-999316.9900000001,5,21,100,2.0,1.0
5810,-999360.02,-99.936002,0.8170654316845782,99.93734385465794,37.43545611015491,-0.9937557147714314,False,-999360.02,13,21,200,1.5,1.5
6383,-999366.2100000001,-99.936621,0.7933699196589956,99.93704999999994,46.655177816073945,-0.9999957072977445,False,-999366.2100000001,5,34,200,2.0,1.0
5972,-999368.3499999999,-99.93683499999999,0.785920058283,99.93751690041725,46.75150703281983,-0.9936969933390032,False,-999368.3499999999,13,21,200,1.5,1.0
6770,-999382.77,-99.938277,0.8691323370451084,99.94293016254817,38.2274741506647,-0.9484324477829306,False,-999382.77,5,55,100,1.5,1.5
6920,-999392.6600000001,-99.93926600000002,0.8746059954741717,99.94428503270024,37.861271676300575,-0.9289232078063911,False,-999392.6600000001,5,21,200,2.0,1.5
4371,-999410.56,-99.941056,0.7185470380079623,99.94700899999994,30.061770761839394,-0.9999404384377332,False,-999410.56,9,34,200,1.0,2.0
6385,-999413.8999999999,-99.94138999999998,0.8541427589896672,99.947919462332,31.699295223179323,-0.9444529437307093,False,-999413.8999999999,5,55,100,1.5,2.0
4622,-999437.63,-99.94376299999999,0.7155285160767615,99.94376300000035,45.11034184335785,-0.9999999999999967,False,-999437.63,13,21,200,1.0,1.0
6152,-999451.27,-99.945127,0.8693600445511419,99.95236486590504,31.61573472041612,-0.8923300302507036,False,-999451.27,13,21,100,1.5,2.0
7058,-999465.58,-99.946558,0.8209960060388911,99.94870589322747,47.57721734202324,-0.9795283961585602,False,-999465.58,5,55,100,1.5,1.0
6652,-999506.93,-99.950693,0.8040538205511336,99.95167875263846,47.188815393866506,-0.9843101750504961,False,-999506.93,13,21,100,1.5,1.0
4448,-999508.8099999999,-99.950881,0.7162265634982864,99.95182000000014,44.53687050359712,-0.9999906054737157,False,-999508.8099999999,9,34,200,1.0,1.0
5289,-999555.9299999999,-99.955593,0.7396132801737894,99.95610131723839,45.86878426923804,-0.9969445533757809,False,-999555.9299999999,13,21,100,1.0,1.0
7722,-999568.15,-99.956815,0.8511709920388401,99.95714500000027,47.51359751359751,-0.9999966985851759,False,-999568.15,5,21,200,2.0,1.0
5671,-999587.27,-99.958727,0.8366055320288155,99.96031349647583,31.07035796155881,-0.9782314981635929,False,-999587.27,13,21,200,1.5,2.0
5222,-999604.78,-99.96047800000001,0.7646306122109336,99.96259253206343,36.59517426273459,-0.9950436689788223,False,-999604.78,9,34,100,1.0,1.5
5369,-999624.6,-99.96246,0.737564367902357,99.96246000000019,46.06071894207487,-0.999999999999998,False,-999624.6,9,21,200,1.0,1.0
5368,-999674.1900000001,-99.967419,0.773797929249293,99.96777900000004,36.847988077496275,-0.9999963988396698,False,-999674.1900000001,9,21,200,1.0,1.5
5254,-999687.3099999999,-99.96873099999999,0.756602920445586,99.97160972659209,30.529120669965742,-0.9549415014725238,False,-999687.3099999999,9,34,100,1.0,2.0
5307,-999713.43,-99.971343,0.7863624675187749,99.97148199999998,30.563406821179573,-0.999998609603487,False,-999713.43,9,21,200,1.0,2.0
7408,-999714.34,-99.97143399999999,0.820472309657087,99.97233830521772,47.27321814254859,-0.981946913982645,False,-999714.34,9,21,100,1.5,1.0
6009,-999722.2399999999,-99.97222399999998,0.820121973661142,99.9739607098571,31.286403727741718,-0.9718522673153134,False,-999722.2399999999,9,21,100,1.0,2.0
5664,-999774.76,-99.977476,0.7382349458377858,99.97762999999998,45.86864406779661,-0.9999984596554252,False,-999774.76,5,34,200,1.0,1.0
5753,-999810.26,-99.981026,0.7863281117999176,99.98116800000001,36.659134364679296,-0.9999985797325351,False,-999810.26,5,34,200,1.0,1.5
7083,-999818.94,-99.981894,0.8414992599972407,99.98321789577525,37.59706339121841,-0.9973779870358681,False,-999818.94,9,21,100,1.5,1.5
5697,-999827.6499999999,-99.982765,0.7993295302922132,99.98290799999998,30.542390731964193,-0.9999985697555427,False,-999827.6499999999,5,34,200,1.0,2.0
5917,-999830.74,-99.98307399999999,0.7705199990296864,99.98345199999991,30.775730944735507,-0.9999962193743829,False,-999830.74,5,55,100,1.0,2.0
6104,-999833.0499999999,-99.98330499999999,0.8011938307549671,99.98381026728565,37.17234600262123,-0.9957347253585919,False,-999833.0499999999,9,21,100,1.0,1.5
6676,-999867.5799999998,-99.98675799999998,0.8116846344416841,99.98707699999957,37.2228879568604,-0.999996809587707,False,-999867.5799999998,9,21,200,1.5,1.5
6003,-999869.1900000001,-99.986919,0.7294164829944507,99.98721300000064,36.71497584541063,-0.9999970596240079,False,-999869.1900000001,5,55,100,1.0,1.5
6444,-999878.4600000001,-99.987846,0.8418116027425564,99.98818899999982,31.129733085040346,-0.9999965695948366,False,-999878.4600000001,9,21,200,1.5,2.0
6936,-999890.42,-99.98904200000001,0.7877303218396443,99.98916199999984,46.438869665513266,-0.9999987998699316,False,-999890.42,9,21,200,1.5,1.0
7275,-999900.39,-99.990039,0.8500982465513457,99.99038638304926,37.45704467353952,-0.9651223322242056,False,-999900.39,5,34,100,1.5,1.5
5397,-999901.2899999999,-99.990129,0.7474534607767214,99.99015911026893,44.654437650546605,-0.9969493230544336,False,-999901.2899999999,9,34,100,1.0,1.0
6724,-999901.49,-99.99014899999999,0.8566287289365278,99.99077846700636,31.05294467578822,-0.9360953143766888,False,-999901.49,9,21,100,1.5,2.0
5903,-999903.16,-99.990316,0.7283462753732307,99.99031599999999,45.53616805014399,-1.0000000000000002,False,-999903.16,5,55,100,1.0,1.0
6320,-999903.28,-99.990328,0.823756028380245,99.9908096793195,30.743670886075947,-0.9501940041957213,False,-999903.28,5,34,200,1.5,2.0
6522,-999903.3999999999,-99.99033999999999,0.8193426256974741,99.99079137994246,37.120515179392825,-0.9532689946161872,False,-999903.3999999999,5,34,100,1.0,1.5
7495,-999903.4500000001,-99.990345,0.8219379534210204,99.99051921678671,46.80453635757171,-0.9819540854231098,False,-999903.4500000001,5,34,100,1.5,1.0
5960,-999903.6599999999,-99.99036599999998,0.7474983137891035,99.99036600000011,45.58724832214765,-0.9999999999999989,False,-999903.6599999999,9,21,100,1.0,1.0
6430,-999903.6900000001,-99.990369,0.8381572238062336,99.99108781479372,30.855365474339035,-0.9253578173526203,False,-999903.6900000001,5,34,100,1.0,2.0
6401,-999903.89,-99.99038900000001,0.7712439065329804,99.99038899999952,46.024058740821744,-1.0000000000000047,False,-999903.89,5,34,100,1.0,1.0
6813,-999904.21,-99.990421,0.7832031874959738,99.99042099999991,46.176427418171144,-1.0000000000000009,False,-999904.21,5,34,200,1.5,1.0
6587,-999905.1499999999,-99.99051499999999,0.816622467297021,99.99051499999985,37.07302262031274,-1.0000000000000013,False,-999905.1499999999,5,34,200,1.5,1.5
6691,-999908.4700000002,-99.99084700000002,0.8559957096273292,99.99221270171915,30.87729786280078,-0.850780282029189,False,-999908.4700000002,5,34,100,1.5,2.0
7046,-999909.7599999999,-99.99097599999999,0.8438993748504969,99.99129938212891,37.382912290661366,-0.9641610962374763,False,-999909.7599999999,5,21,100,1.0,1.5
7129,-999909.8700000001,-99.990987,0.8612239393944403,99.99163564851528,31.336793379155566,-0.9280258765103494,False,-999909.8700000001,5,21,100,1.0,2.0
8111,-999909.9099999999,-99.990991,0.8533189702846148,99.99155624956337,37.775859943286896,-0.9372519374414942,False,-999909.9099999999,5,21,100,1.5,1.5
6453,-999909.9100000001,-99.99099100000002,0.8344269030768078,99.99099100000002,30.869363086936307,-0.9999999999999999,False,-999909.9100000001,5,21,200,1.0,2.0
6690,-999909.9200000002,-99.990992,0.789623693372592,99.99106986107745,46.27802690582959,-0.9913556803646006,False,-999909.9200000002,5,21,100,1.0,1.0
6198,-999910.0499999999,-99.99100499999999,0.8240868321188297,99.9910050000001,36.81832849306228,-0.999999999999999,False,-999910.0499999999,5,21,200,1.0,1.5
6527,-999910.2100000001,-99.99102100000002,0.779820042916663,99.99102100000034,46.008886165160106,-0.9999999999999967,False,-999910.2100000001,5,21,200,1.0,1.0
6629,-999910.7300000001,-99.99107300000001,0.8492261022785105,99.99117872274324,30.879468999849145,-0.9881559235798713,False,-999910.7300000001,5,21,200,1.5,2.0
7344,-999911.09,-99.991109,0.8134749189804773,99.9911090000004,46.500544662309366,-0.9999999999999958,False,-999911.09,5,21,200,1.5,1.0
8391,-999911.51,-99.991151,0.8400628092462313,99.99132091666338,47.133833869622215,-0.9807965406363345,False,-999911.51,5,21,100,1.5,1.0
7025,-999912.4499999998,-99.99124499999998,0.8814047646697694,99.99260071754483,31.288256227758005,-0.8451378793713478,False,-999912.4499999998,5,21,100,1.5,2.0
7563,-999912.8799999999,-99.99128799999998,0.8240754734964177,99.99128800000024,37.37934682004496,-0.9999999999999974,False,-999912.8799999999,5,21,200,1.5,1.5
